Ale,https://www.ale.se,https://www.lansstyrelsen.se/vastra-gotaland/besoksmal.html,https://www.ale.se/turistinformation,https://www.ale.se/e-tjanster,https://www.ale.se/forslag,https://www.ale.se/byggplan
Alingsås,https://www.alingsas.se,https://www.lansstyrelsen.se/vastra-gotaland/besoksmal.html,https://www.alingsas.se/turistinformation,https://www.alingsas.se/e-tjanster,https://www.alingsas.se/forslag,https://www.alingsas.se/byggplan
Alvesta,https://www.alvesta.se,https://www.lansstyrelsen.se/kronoberg/besoksmal.html,https://www.alvesta.se/turistinformation,https://www.alvesta.se/e-tjanster,https://www.alvesta.se/forslag,https://www.alvesta.se/byggplan
Aneby,https://www.aneby.se,https://www.lansstyrelsen.se/jonkoping/besoksmal.html,https://www.aneby.se/turistinformation,https://www.aneby.se/e-tjanster,https://www.aneby.se/forslag,https://www.aneby.se/byggplan
Arboga,https://www.arboga.se,https://www.lansstyrelsen.se/orebro/besoksmal.html,https://www.arboga.se/turistinformation,https://www.arboga.se/e-tjanster,https://www.arboga.se/forslag,https://www.arboga.se/byggplan
Arjeplog,https://www.arjeplog.se,https://www.lansstyrelsen.se/norrbotten/besoksmal.html,https://www.arjeplog.se/turistinformation,https://www.arjeplog.se/e-tjanster,https://www.arjeplog.se/forslag,https://www.arjeplog.se/byggplan
Arvidsjaur,https://www.arvidsjaur.se,https://www.lansstyrelsen.se/norrbotten/besoksmal.html,https://www.arvidsjaur.se/turistinformation,https://www.arvidsjaur.se/e-tjanster,https://www.arvidsjaur.se/forslag,https://www.arvidsjaur.se/byggplan
Arvika,https://www.arvika.se,https://www.lansstyrelsen.se/varmland/besoksmal.html,https://www.arvika.se/turistinformation,https://www.arvika.se/e-tjanster,https://www.arvika.se/forslag,https://www.arvika.se/byggplan
Askersund,https://www.askersund.se,https://www.lansstyrelsen.se/orebro/besoksmal.html,https://www.askersund.se/turistinformation,https://www.askersund.se/e-tjanster,https://www.askersund.se/forslag,https://www.askersund.se/byggplan
Avesta,https://www.avesta.se,https://www.lansstyrelsen.se/dalarna/besoksmal.html,https://www.avesta.se/turistinformation,https://www.avesta.se/e-tjanster,https://www.avesta.se/forslag,https://www.avesta.se/byggplan
Bengtsfors,https://www.bengtsfors.se,https://www.lansstyrelsen.se/vastra-gotaland/besoksmal.html,https://www.bengtsfors.se/turistinformation,https://www.bengtsfors.se/e-tjanster,https://www.bengtsfors.se/forslag,https://www.bengtsfors.se/byggplan
Berg,https://www.berg.se,https://www.lansstyrelsen.se/jamtland/besoksmal.html,https://www.berg.se/turistinformation,https://www.berg.se/e-tjanster,https://www.berg.se/forslag,https://www.berg.se/byggplan
Bjurholm,https://www.bjurholm.se,https://www.lansstyrelsen.se/vasterbotten/besoksmal.html,https://www.bjurholm.se/turistinformation,https://www.bjurholm.se/e-tjanster,https://www.bjurholm.se/forslag,https://www.bjurholm.se/byggplan
Bjuv,https://www.bjuv.se,https://www.lansstyrelsen.se/skane/besoksmal.html,https://www.bjuv.se/turistinformation,https://www.bjuv.se/e-tjanster,https://www.bjuv.se/forslag,https://www.bjuv.se/byggplan
Boden,https://www.boden.se,https://www.lansstyrelsen.se/norrbotten/besoksmal.html,https://www.boden.se/turistinformation,https://www.boden.se/e-tjanster,https://www.boden.se/forslag,https://www.boden.se/byggplan
Bollebygd,https://www.bollebygd.se,https://www.lansstyrelsen.se/vastra-gotaland/besoksmal.html,https://www.bollebygd.se/turistinformation,https://www.bollebygd.se/e-tjanster,https://www.bollebygd.se/forslag,https://www.bollebygd.se/byggplan
Bollnäs,https://www.bollnas.se,https://www.lansstyrelsen.se/gavleborg/besoksmal.html,https://www.bollnas.se/turistinformation,https://www.bollnas.se/e-tjanster,https://www.bollnas.se/forslag,https://www.bollnas.se/byggplan
Borgholm,https://www.borgholm.se,https://www.lansstyrelsen.se/kalmar/besoksmal.html,https://www.borgholm.se/turistinformation,https://www.borgholm.se/e-tjanster,https://www.borgholm.se/forslag,https://www.borgholm.se/byggplan
Borlänge,https://www.borlange.se,https://www.lansstyrelsen.se/dalarna/besoksmal.html,https://www.borlange.se/turistinformation,https://www.borlange.se/e-tjanster,https://www.borlange.se/forslag,https://www.borlange.se/byggplan
Borås,https://www.boras.se,https://www.lansstyrelsen.se/vastra-gotaland/besoksmal.html,https://www.boras.se/turistinformation,https://www.boras.se/e-tjanster,https://www.boras.se/forslag,https://www.boras.se/byggplan
Botkyrka,https://www.botkyrka.se,https://www.lansstyrelsen.se/stockholm/besoksmal.html,https://www.botkyrka.se/turistinformation,https://www.botkyrka.se/e-tjanster,https://www.botkyrka.se/forslag,https://www.botkyrka.se/byggplan
Boxholm,https://www.boxholm.se,https://www.lansstyrelsen.se/ostergotland/besoksmal.html,https://www.boxholm.se/turistinformation,https://www.boxholm.se/e-tjanster,https://www.boxholm.se/forslag,https://www.boxholm.se/byggplan
Bromölla,https://www.bromolla.se,https://www.lansstyrelsen.se/skane/besoksmal.html,https://www.bromolla.se/turistinformation,https://www.bromolla.se/e-tjanster,https://www.bromolla.se/forslag,https://www.bromolla.se/byggplan
Bräcke,https://www.bracke.se,https://www.lansstyrelsen.se/jamtland/besoksmal.html,https://www.bracke.se/turistinformation,https://www.bracke.se/e-tjanster,https://www.bracke.se/forslag,https://www.bracke.se/byggplan
Burlöv,https://www.burlov.se,https://www.lansstyrelsen.se/skane/besoksmal.html,https://www.burlov.se/turistinformation,https://www.burlov.se/e-tjanster,https://www.burlov.se/forslag,https://www.burlov.se/byggplan
Båstad,https://www.bastad.se,https://www.lansstyrelsen.se/skane/besoksmal.html,https://www.bastad.se/turistinformation,https://www.bastad.se/e-tjanster,https://www.bastad.se/forslag,https://www.bastad.se/byggplan
Dals-Ed,https://www.dalsed.se,https://www.lansstyrelsen.se/vastra-gotaland/besoksmal.html,https://www.dalsed.se/turistinformation,https://www.dalsed.se/e-tjanster,https://www.dalsed.se/forslag,https://www.dalsed.se/byggplan
Danderyd,https://www.danderyd.se,https://www.lansstyrelsen.se/stockholm/besoksmal.html,https://www.danderyd.se/turistinformation,https://www.danderyd.se/e-tjanster,https://www.danderyd.se/forslag,https://www.danderyd.se/byggplan
Degerfors,https://www.degerfors.se,https://www.lansstyrelsen.se/orebro/besoksmal.html,https://www.degerfors.se/turistinformation,https://www.degerfors.se/e-tjanster,https://www.degerfors.se/forslag,https://www.degerfors.se/byggplan
Dorotea,https://www.dorotea.se,https://www.lansstyrelsen.se/vasterbotten/besoksmal.html,https://www.dorotea.se/turistinformation,https://www.dorotea.se/e-tjanster,https://www.dorotea.se/forslag,https://www.dorotea.se/byggplan
Eda,https://www.eda.se,https://www.lansstyrelsen.se/varmland/besoksmal.html,https://www.eda.se/turistinformation,https://www.eda.se/e-tjanster,https://www.eda.se/forslag,https://www.eda.se/byggplan
Ekerö,https://www.ekero.se,https://www.lansstyrelsen.se/stockholm/besoksmal.html,https://www.ekero.se/turistinformation,https://www.ekero.se/e-tjanster,https://www.ekero.se/forslag,https://www.ekero.se/byggplan
Eksjö,https://www.eksjo.se,https://www.lansstyrelsen.se/jonkoping/besoksmal.html,https://www.eksjo.se/turistinformation,https://www.eksjo.se/e-tjanster,https://www.eksjo.se/forslag,https://www.eksjo.se/byggplan
Emmaboda,https://www.emmaboda.se,https://www.lansstyrelsen.se/kronoberg/besoksmal.html,https://www.emmaboda.se/turistinformation,https://www.emmaboda.se/e-tjanster,https://www.emmaboda.se/forslag,https://www.emmaboda.se/byggplan
Enköping,https://www.enkoping.se,https://www.lansstyrelsen.se/uppsala/besoksmal.html,https://www.enkoping.se/turistinformation,https://www.enkoping.se/e-tjanster,https://www.enkoping.se/forslag,https://www.enkoping.se/byggplan
Eskilstuna,https://www.eskilstuna.se,https://www.lansstyrelsen.se/sodermanland/besoksmal.html,https://www.eskilstuna.se/turistinformation,https://www.eskilstuna.se/e-tjanster,https://www.eskilstuna.se/forslag,https://www.eskilstuna.se/byggplan
Eslöv,https://www.eslov.se,https://www.lansstyrelsen.se/skane/besoksmal.html,https://www.eslov.se/turistinformation,https://www.eslov.se/e-tjanster,https://www.eslov.se/forslag,https://www.eslov.se/byggplan
Essunga,https://www.essunga.se,https://www.lansstyrelsen.se/vastra-gotaland/besoksmal.html,https://www.essunga.se/turistinformation,https://www.essunga.se/e-tjanster,https://www.essunga.se/forslag,https://www.essunga.se/byggplan
Fagersta,https://www.fagersta.se,https://www.lansstyrelsen.se/vastra-mitt/besoksmal.html,https://www.fagersta.se/turistinformation,https://www.fagersta.se/e-tjanster,https://www.fagersta.se/forslag,https://www.fagersta.se/byggplan
Falkenberg,https://www.falkenberg.se,https://www.lansstyrelsen.se/halland/besoksmal.html,https://www.falkenberg.se/turistinformation,https://www.falkenberg.se/e-tjanster,https://www.falkenberg.se/forslag,https://www.falkenberg.se/byggplan
Falköping,https://www.falkoping.se,https://www.lansstyrelsen.se/vastra-gotaland/besoksmal.html,https://www.falkoping.se/turistinformation,https://www.falkoping.se/e-tjanster,https://www.falkoping.se/forslag,https://www.falkoping.se/byggplan
Falun,https://www.falun.se,https://www.lansstyrelsen.se/dalarna/besoksmal.html,https://www.falun.se/turistinformation,https://www.falun.se/e-tjanster,https://www.falun.se/forslag,https://www.falun.se/byggplan
Filipstad,https://www.filipstad.se,https://www.lansstyrelsen.se/varmland/besoksmal.html,https://www.filipstad.se/turistinformation,https://www.filipstad.se/e-tjanster,https://www.filipstad.se/forslag,https://www.filipstad.se/byggplan
Finspång,https://www.finspang.se,https://www.lansstyrelsen.se/ostergotland/besoksmal.html,https://www.finspang.se/turistinformation,https://www.finspang.se/e-tjanster,https://www.finspang.se/forslag,https://www.finspang.se/byggplan
Flen,https://www.flen.se,https://www.lansstyrelsen.se/sodermanland/besoksmal.html,https://www.flen.se/turistinformation,https://www.flen.se/e-tjanster,https://www.flen.se/forslag,https://www.flen.se/byggplan
Forshaga,https://www.forshaga.se,https://www.lansstyrelsen.se/varmland/besoksmal.html,https://www.forshaga.se/turistinformation,https://www.forshaga.se/e-tjanster,https://www.forshaga.se/forslag,https://www.forshaga.se/byggplan
Färgelanda,https://www.fargelanda.se,https://www.lansstyrelsen.se/vastra-gotaland/besoksmal.html,https://www.fargelanda.se/turistinformation,https://www.fargelanda.se/e-tjanster,https://www.fargelanda.se/forslag,https://www.fargelanda.se/byggplan
Gagnef,https://www.gagnef.se,https://www.lansstyrelsen.se/dalarna/besoksmal.html,https://www.gagnef.se/turistinformation,https://www.gagnef.se/e-tjanster,https://www.gagnef.se/forslag,https://www.gagnef.se/byggplan
Gislaved,https://www.gislaved.se,https://www.lansstyrelsen.se/halland/besoksmal.html,https://www.gislaved.se/turistinformation,https://www.gislaved.se/e-tjanster,https://www.gislaved.se/forslag,https://www.gislaved.se/byggplan
Gnesta,https://www.gnesta.se,https://www.lansstyrelsen.se/sodermanland/besoksmal.html,https://www.gnesta.se/turistinformation,https://www.gnesta.se/e-tjanster,https://www.gnesta.se/forslag,https://www.gnesta.se/byggplan
Gnosjö,https://www.gnosjo.se,https://www.lansstyrelsen.se/jonkoping/besoksmal.html,https://www.gnosjo.se/turistinformation,https://www.gnosjo.se/e-tjanster,https://www.gnosjo.se/forslag,https://www.gnosjo.se/byggplan
Gotland,https://www.gotland.se,https://www.lansstyrelsen.se/gotland/besoksmal.html,https://www.gotland.se/turistinformation,https://www.gotland.se/e-tjanster,https://www.gotland.se/forslag,https://www.gotland.se/byggplan
Grums,https://www.grums.se,https://www.lansstyrelsen.se/varmland/besoksmal.html,https://www.grums.se/turistinformation,https://www.grums.se/e-tjanster,https://www.grums.se/forslag,https://www.grums.se/byggplan
Grästorp,https://www.grastorp.se,https://www.lansstyrelsen.se/vastra-gotaland/besoksmal.html,https://www.grastorp.se/turistinformation,https://www.grastorp.se/e-tjanster,https://www.grastorp.se/forslag,https://www.grastorp.se/byggplan
Gullspång,https://www.gullspang.se,https://www.lansstyrelsen.se/vastra-gotaland/besoksmal.html,https://www.gullspang.se/turistinformation,https://www.gullspang.se/e-tjanster,https://www.gullspang.se/forslag,https://www.gullspang.se/byggplan
Gällivare,https://www.gallivare.se,https://www.lansstyrelsen.se/norrbotten/besoksmal.html,https://www.gallivare.se/turistinformation,https://www.gallivare.se/e-tjanster,https://www.gallivare.se/forslag,https://www.gallivare.se/byggplan
Gävle,https://www.gavle.se,https://www.lansstyrelsen.se/gavleborg/besoksmal.html,https://www.gavle.se/turistinformation,https://www.gavle.se/e-tjanster,https://www.gavle.se/forslag,https://www.gavle.se/byggplan
Göteborg,https://www.goteborg.com,https://www.lansstyrelsen.se/vastra-gotaland/besoksmal.html,https://www.goteborg.se/turistinformation,https://goteborg.se/wps/portal/start/kommun-och-politik/politik-och-demokrati/sa-kan-du-paverka-och-vara-delaktig/goteborgsforslaget/lamna-forslag,https://goteborg.se/wps/portal/start/kommun-och-politik/politik-och-demokrati/sa-kan-du-paverka-och-vara-delaktig/goteborgsforslaget/aktuella-forslag,https://goteborg.se/wps/portal/start/goteborg-vaxer/sa-planeras-staden/plan-och-byggprojekt
Götene,https://www.gotene.se,https://www.lansstyrelsen.se/vastra-gotaland/besoksmal.html,https://www.gotene.se/turistinformation,https://www.gotene.se/e-tjanster,https://www.gotene.se/forslag,https://www.gotene.se/byggplan
Habo,https://www.habo.se,https://www.lansstyrelsen.se/jonkoping/besoksmal.html,https://www.habo.se/turistinformation,https://www.habo.se/e-tjanster,https://www.habo.se/forslag,https://www.habo.se/byggplan
Hagfors,https://www.hagfors.se,https://www.lansstyrelsen.se/varmland/besoksmal.html,https://www.hagfors.se/turistinformation,https://www.hagfors.se/e-tjanster,https://www.hagfors.se/forslag,https://www.hagfors.se/byggplan
Hallsberg,https://www.hallsberg.se,https://www.lansstyrelsen.se/orebro/besoksmal.html,https://www.hallsberg.se/turistinformation,https://www.hallsberg.se/e-tjanster,https://www.hallsberg.se/forslag,https://www.hallsberg.se/byggplan
Hallstahammar,https://www.hallstahammar.se,https://www.lansstyrelsen.se/sodermanland/besoksmal.html,https://www.hallstahammar.se/turistinformation,https://www.hallstahammar.se/e-tjanster,https://www.hallstahammar.se/forslag,https://www.hallstahammar.se/byggplan
Halmstad,https://www.halmstad.se,https://www.lansstyrelsen.se/halland/besoksmal.html,https://www.halmstad.se/turistinformation,https://www.halmstad.se/e-tjanster,https://www.halmstad.se/forslag,https://www.halmstad.se/byggplan
Hammarö,https://www.hammaro.se,https://www.lansstyrelsen.se/varmland/besoksmal.html,https://www.hammaro.se/turistinformation,https://www.hammaro.se/e-tjanster,https://www.hammaro.se/forslag,https://www.hammaro.se/byggplan
Haninge,https://www.haninge.se,https://www.lansstyrelsen.se/stockholm/besoksmal.html,https://www.haninge.se/turistinformation,https://www.haninge.se/e-tjanster,https://www.haninge.se/forslag,https://www.haninge.se/byggplan
Haparanda,https://www.haparanda.se,https://www.lansstyrelsen.se/norrbotten/besoksmal.html,https://www.haparanda.se/turistinformation,https://www.haparanda.se/e-tjanster,https://www.haparanda.se/forslag,https://www.haparanda.se/byggplan
Heby,https://www.heby.se,https://www.lansstyrelsen.se/uppsala/besoksmal.html,https://www.heby.se/turistinformation,https://www.heby.se/e-tjanster,https://www.heby.se/forslag,https://www.heby.se/byggplan
Hedemora,https://www.hedemora.se,https://www.lansstyrelsen.se/dalarna/besoksmal.html,https://www.hedemora.se/turistinformation,https://www.hedemora.se/e-tjanster,https://www.hedemora.se/forslag,https://www.hedemora.se/byggplan
Helsingborg,https://www.helsingborg.se,https://www.lansstyrelsen.se/skane/besoksmal.html,https://www.helsingborg.se/turistinformation,https://www.helsingborg.se/e-tjanster,https://www.helsingborg.se/forslag,https://www.helsingborg.se/byggplan
Herrljunga,https://www.herrljunga.se,https://www.lansstyrelsen.se/vastra-gotaland/besoksmal.html,https://www.herrljunga.se/turistinformation,https://www.herrljunga.se/e-tjanster,https://www.herrljunga.se/forslag,https://www.herrljunga.se/byggplan
Hjo,https://www.hjo.se,https://www.lansstyrelsen.se/vastra-gotaland/besoksmal.html,https://www.hjo.se/turistinformation,https://www.hjo.se/e-tjanster,https://www.hjo.se/forslag,https://www.hjo.se/byggplan
Hofors,https://www.hofors.se,https://www.lansstyrelsen.se/gavleborg/besoksmal.html,https://www.hofors.se/turistinformation,https://www.hofors.se/e-tjanster,https://www.hofors.se/forslag,https://www.hofors.se/byggplan
Huddinge,https://www.huddinge.se,https://www.lansstyrelsen.se/stockholm/besoksmal.html,https://www.huddinge.se/turistinformation,https://www.huddinge.se/e-tjanster,https://www.huddinge.se/forslag,https://www.huddinge.se/byggplan
Hudiksvall,https://www.hudiksvall.se,https://www.lansstyrelsen.se/gavleborg/besoksmal.html,https://www.hudiksvall.se/turistinformation,https://www.hudiksvall.se/e-tjanster,https://www.hudiksvall.se/forslag,https://www.hudiksvall.se/byggplan
Hultsfred,https://www.hultsfred.se,https://www.lansstyrelsen.se/kronoberg/besoksmal.html,https://www.hultsfred.se/turistinformation,https://www.hultsfred.se/e-tjanster,https://www.hultsfred.se/forslag,https://www.hultsfred.se/byggplan
Hylte,https://www.hylte.se,https://www.lansstyrelsen.se/halland/besoksmal.html,https://www.hylte.se/turistinformation,https://www.hylte.se/e-tjanster,https://www.hylte.se/forslag,https://www.hylte.se/byggplan
Håbo,https://www.habo.se,https://www.lansstyrelsen.se/uppsala/besoksmal.html,https://www.habo.se/turistinformation,https://www.habo.se/e-tjanster,https://www.habo.se/forslag,https://www.habo.se/byggplan
Hällefors,https://www.hallefors.se,https://www.lansstyrelsen.se/varmland/besoksmal.html,https://www.hallefors.se/turistinformation,https://www.hallefors.se/e-tjanster,https://www.hallefors.se/forslag,https://www.hallefors.se/byggplan
Härjedalen,https://www.herjedalen.se,https://www.lansstyrelsen.se/jamtland/besoksmal.html,https://www.herjedalen.se/turistinformation,https://www.herjedalen.se/e-tjanster,https://www.herjedalen.se/forslag,https://www.herjedalen.se/byggplan
Härnösand,https://www.harnosand.se,https://www.lansstyrelsen.se/vasternorrland/besoksmal.html,https://www.harnosand.se/turistinformation,https://www.harnosand.se/e-tjanster,https://www.harnosand.se/forslag,https://www.harnosand.se/byggplan
Härryda,https://www.harryda.se,https://www.lansstyrelsen.se/vastra-gotaland/besoksmal.html,https://www.harryda.se/turistinformation,https://www.harryda.se/e-tjanster,https://www.harryda.se/forslag,https://www.harryda.se/byggplan
Hässleholm,https://www.hassleholm.se,https://www.lansstyrelsen.se/skane/besoksmal.html,https://www.hassleholm.se/turistinformation,https://www.hassleholm.se/e-tjanster,https://www.hassleholm.se/forslag,https://www.hassleholm.se/byggplan
Höganäs,https://www.hoganas.se,https://www.lansstyrelsen.se/skane/besoksmal.html,https://www.hoganas.se/turistinformation,https://www.hoganas.se/e-tjanster,https://www.hoganas.se/forslag,https://www.hoganas.se/byggplan
Högsby,https://www.hogsby.se,https://www.lansstyrelsen.se/kalmar/besoksmal.html,https://www.hogsby.se/turistinformation,https://www.hogsby.se/e-tjanster,https://www.hogsby.se/forslag,https://www.hogsby.se/byggplan
Hörby,https://www.horby.se,https://www.lansstyrelsen.se/skane/besoksmal.html,https://www.horby.se/turistinformation,https://www.horby.se/e-tjanster,https://www.horby.se/forslag,https://www.horby.se/byggplan
Höör,https://www.hoor.se,https://www.lansstyrelsen.se/skane/besoksmal.html,https://www.hoor.se/turistinformation,https://www.hoor.se/e-tjanster,https://www.hoor.se/forslag,https://www.hoor.se/byggplan
Jokkmokk,https://www.jokkmokk.se,https://www.lansstyrelsen.se/norrbotten/besoksmal.html,https://www.jokkmokk.se/turistinformation,https://www.jokkmokk.se/e-tjanster,https://www.jokkmokk.se/forslag,https://www.jokkmokk.se/byggplan
Järfälla,https://www.jarfalla.se,https://www.lansstyrelsen.se/stockholm/besoksmal.html,https://www.jarfalla.se/turistinformation,https://www.jarfalla.se/e-tjanster,https://www.jarfalla.se/forslag,https://www.jarfalla.se/byggplan
Jönköping,https://www.jonkoping.se,https://www.lansstyrelsen.se/jonkoping/besoksmal.html,https://www.jonkoping.se/turistinformation,https://www.jonkoping.se/e-tjanster,https://www.jonkoping.se/forslag,https://www.jonkoping.se/byggplan
Kalix,https://www.kalix.se,https://www.lansstyrelsen.se/norrbotten/besoksmal.html,https://www.kalix.se/turistinformation,https://www.kalix.se/e-tjanster,https://www.kalix.se/forslag,https://www.kalix.se/byggplan
Kalmar,https://www.kalmar.se,https://www.lansstyrelsen.se/kalmar/besoksmal.html,https://www.kalmar.se/turistinformation,https://www.kalmar.se/e-tjanster,https://www.kalmar.se/forslag,https://www.kalmar.se/byggplan
Karlsborg,https://www.karlsborg.se,https://www.lansstyrelsen.se/vastra-gotaland/besoksmal.html,https://www.karlsborg.se/turistinformation,https://www.karlsborg.se/e-tjanster,https://www.karlsborg.se/forslag,https://www.karlsborg.se/byggplan
Karlshamn,https://www.karlshamn.se,https://www.lansstyrelsen.se/blekinge/besoksmal.html,https://www.karlshamn.se/turistinformation,https://www.karlshamn.se/e-tjanster,https://www.karlshamn.se/forslag,https://www.karlshamn.se/byggplan
Karlskoga,https://www.karlskoga.se,https://www.lansstyrelsen.se/orebro/besoksmal.html,https://www.karlskoga.se/turistinformation,https://www.karlskoga.se/e-tjanster,https://www.karlskoga.se/forslag,https://www.karlskoga.se/byggplan
Karlskrona,https://www.karlskrona.se,https://www.lansstyrelsen.se/blekinge/besoksmal.html,https://www.karlskrona.se/turistinformation,https://www.karlskrona.se/e-tjanster,https://www.karlskrona.se/forslag,https://www.karlskrona.se/byggplan
Karlstad,https://www.karlstad.se,https://www.lansstyrelsen.se/varmland/besoksmal.html,https://www.karlstad.se/turistinformation,https://www.karlstad.se/e-tjanster,https://www.karlstad.se/forslag,https://www.karlstad.se/byggplan
Katrineholm,https://www.katrineholm.se,https://www.lansstyrelsen.se/sodermanland/besoksmal.html,https://www.katrineholm.se/turistinformation,https://www.katrineholm.se/e-tjanster,https://www.katrineholm.se/forslag,https://www.katrineholm.se/byggplan
Kil,https://www.kil.se,https://www.lansstyrelsen.se/varmland/besoksmal.html,https://www.kil.se/turistinformation,https://www.kil.se/e-tjanster,https://www.kil.se/forslag,https://www.kil.se/byggplan
Kinda,https://www.kinda.se,https://www.lansstyrelsen.se/ostergotland/besoksmal.html,https://www.kinda.se/turistinformation,https://www.kinda.se/e-tjanster,https://www.kinda.se/forslag,https://www.kinda.se/byggplan
Kiruna,https://www.kiruna.se,https://www.lansstyrelsen.se/norrbotten/besoksmal.html,https://www.kiruna.se/turistinformation,https://www.kiruna.se/e-tjanster,https://www.kiruna.se/forslag,https://www.kiruna.se/byggplan
Klippan,https://www.klippan.se,https://www.lansstyrelsen.se/skane/besoksmal.html,https://www.klippan.se/turistinformation,https://www.klippan.se/e-tjanster,https://www.klippan.se/forslag,https://www.klippan.se/byggplan
Knivsta,https://www.knivsta.se,https://www.lansstyrelsen.se/uppsala/besoksmal.html,https://www.knivsta.se/turistinformation,https://www.knivsta.se/e-tjanster,https://www.knivsta.se/forslag,https://www.knivsta.se/byggplan
Kramfors,https://www.kramfors.se,https://www.lansstyrelsen.se/vasternorrland/besoksmal.html,https://www.kramfors.se/turistinformation,https://www.kramfors.se/e-tjanster,https://www.kramfors.se/forslag,https://www.kramfors.se/byggplan
Kristianstad,https://www.kristianstad.se,https://www.lansstyrelsen.se/skane/besoksmal.html,https://www.kristianstad.se/turistinformation,https://www.kristianstad.se/e-tjanster,https://www.kristianstad.se/forslag,https://www.kristianstad.se/byggplan
Kristinehamn,https://www.kristinehamn.se,https://www.lansstyrelsen.se/varmland/besoksmal.html,https://www.kristinehamn.se/turistinformation,https://www.kristinehamn.se/e-tjanster,https://www.kristinehamn.se/forslag,https://www.kristinehamn.se/byggplan
Krokom,https://www.krokom.se,https://www.lansstyrelsen.se/jamtland/besoksmal.html,https://www.krokom.se/turistinformation,https://www.krokom.se/e-tjanster,https://www.krokom.se/forslag,https://www.krokom.se/byggplan
Kumla,https://www.kumla.se,https://www.lansstyrelsen.se/orebro/besoksmal.html,https://www.kumla.se/turistinformation,https://www.kumla.se/e-tjanster,https://www.kumla.se/forslag,https://www.kumla.se/byggplan
Kungsbacka,https://www.kungsbacka.se,https://www.lansstyrelsen.se/vastra-gotaland/besoksmal.html,https://www.kungsbacka.se/turistinformation,https://www.kungsbacka.se/e-tjanster,https://www.kungsbacka.se/forslag,https://www.kungsbacka.se/byggplan
Kungsör,https://www.kungsor.se,https://www.lansstyrelsen.se/orebro/besoksmal.html,https://www.kungsor.se/turistinformation,https://www.kungsor.se/e-tjanster,https://www.kungsor.se/forslag,https://www.kungsor.se/byggplan
Kungälv,https://www.kungalv.se,https://www.lansstyrelsen.se/vastra-gotaland/besoksmal.html,https://www.kungalv.se/turistinformation,https://www.kungalv.se/e-tjanster,https://www.kungalv.se/forslag,https://www.kungalv.se/byggplan
Kävlinge,https://www.kavlinge.se,https://www.lansstyrelsen.se/skane/besoksmal.html,https://www.kavlinge.se/turistinformation,https://www.kavlinge.se/e-tjanster,https://www.kavlinge.se/forslag,https://www.kavlinge.se/byggplan
Köping,https://www.koping.se,https://www.lansstyrelsen.se/vastra-gotaland/besoksmal.html,https://www.koping.se/turistinformation,https://www.koping.se/e-tjanster,https://www.koping.se/forslag,https://www.koping.se/byggplan
Laholm,https://www.laholm.se,https://www.lansstyrelsen.se/skane/besoksmal.html,https://www.laholm.se/turistinformation,https://www.laholm.se/e-tjanster,https://www.laholm.se/forslag,https://www.laholm.se/byggplan
Landskrona,https://www.landskrona.se,https://www.lansstyrelsen.se/skane/besoksmal.html,https://www.landskrona.se/turistinformation,https://www.landskrona.se/e-tjanster,https://www.landskrona.se/forslag,https://www.landskrona.se/byggplan
Laxå,https://www.laxa.se,https://www.lansstyrelsen.se/orebro/besoksmal.html,https://www.laxa.se/turistinformation,https://www.laxa.se/e-tjanster,https://www.laxa.se/forslag,https://www.laxa.se/byggplan
Lekeberg,https://www.lekeberg.se,https://www.lansstyrelsen.se/ostergotland/besoksmal.html,https://www.lekeberg.se/turistinformation,https://www.lekeberg.se/e-tjanster,https://www.lekeberg.se/forslag,https://www.lekeberg.se/byggplan
Leksand,https://www.leksand.se,https://www.lansstyrelsen.se/dalarna/besoksmal.html,https://www.leksand.se/turistinformation,https://www.leksand.se/e-tjanster,https://www.leksand.se/forslag,https://www.leksand.se/byggplan
Lerum,https://www.lerum.se,https://www.lansstyrelsen.se/vastra-gotaland/besoksmal.html,https://www.lerum.se/turistinformation,https://www.lerum.se/e-tjanster,https://www.lerum.se/forslag,https://www.lerum.se/byggplan
Lessebo,https://www.lessebo.se,https://www.lansstyrelsen.se/kalmar/besoksmal.html,https://www.lessebo.se/turistinformation,https://www.lessebo.se/e-tjanster,https://www.lessebo.se/forslag,https://www.lessebo.se/byggplan
Lidingö,https://www.lidingo.se,https://www.lansstyrelsen.se/stockholm/besoksmal.html,https://www.lidingo.se/turistinformation,https://www.lidingo.se/e-tjanster,https://www.lidingo.se/forslag,https://www.lidingo.se/byggplan
Lidköping,https://www.lidkoping.se,https://www.lansstyrelsen.se/vastra-gotaland/besoksmal.html,https://www.lidkoping.se/turistinformation,https://www.lidkoping.se/e-tjanster,https://www.lidkoping.se/forslag,https://www.lidkoping.se/byggplan
Lilla Edet,https://www.lillaedet.se,https://www.lansstyrelsen.se/vastra-gotaland/besoksmal.html,https://www.lillaedet.se/turistinformation,https://www.lillaedet.se/e-tjanster,https://www.lillaedet.se/forslag,https://www.lillaedet.se/byggplan
Lindesberg,https://www.lindesberg.se,https://www.lansstyrelsen.se/orebro/besoksmal.html,https://www.lindesberg.se/turistinformation,https://www.lindesberg.se/e-tjanster,https://www.lindesberg.se/forslag,https://www.lindesberg.se/byggplan
Linköping,https://www.linkoping.se,https://www.lansstyrelsen.se/ostergotland/besoksmal.html,https://www.linkoping.se/turistinformation,https://www.linkoping.se/e-tjanster,https://www.linkoping.se/forslag,https://www.linkoping.se/byggplan
Ljungby,https://www.ljungby.se,https://www.lansstyrelsen.se/kronoberg/besoksmal.html,https://www.ljungby.se/turistinformation,https://www.ljungby.se/e-tjanster,https://www.ljungby.se/forslag,https://www.ljungby.se/byggplan
Ljusdal,https://www.ljusdal.se,https://www.lansstyrelsen.se/gavleborg/besoksmal.html,https://www.ljusdal.se/turistinformation,https://www.ljusdal.se/e-tjanster,https://www.ljusdal.se/forslag,https://www.ljusdal.se/byggplan
Ljusnarsberg,https://www.ljusnarsberg.se,https://www.lansstyrelsen.se/orebro/besoksmal.html,https://www.ljusnarsberg.se/turistinformation,https://www.ljusnarsberg.se/e-tjanster,https://www.ljusnarsberg.se/forslag,https://www.ljusnarsberg.se/byggplan
Lomma,https://www.lomma.se,https://www.lansstyrelsen.se/skane/besoksmal.html,https://www.lomma.se/turistinformation,https://www.lomma.se/e-tjanster,https://www.lomma.se/forslag,https://www.lomma.se/byggplan
Ludvika,https://www.ludvika.se,https://www.lansstyrelsen.se/dalarna/besoksmal.html,https://www.ludvika.se/turistinformation,https://www.ludvika.se/e-tjanster,https://www.ludvika.se/forslag,https://www.ludvika.se/byggplan
Luleå,https://www.lulea.se,https://www.lansstyrelsen.se/norrbotten/besoksmal.html,https://www.lulea.se/turistinformation,https://www.lulea.se/e-tjanster,https://www.lulea.se/forslag,https://www.lulea.se/byggplan
Lund,https://www.lund.se,https://www.lansstyrelsen.se/skane/besoksmal.html,https://www.lund.se/turistinformation,https://www.lund.se/e-tjanster,https://www.lund.se/forslag,https://www.lund.se/byggplan
Lycksele,https://www.visitlycksele.se,https://www.lansstyrelsen.se/vasterbotten/besoksmal.html,https://www.lycksele.se/kommun/bygga-bo-och-miljo/avfall-och-atervinning/,https://sjalvservice.lycksele.se/oversikt/overview/277,https://sjalvservice.lycksele.se/forslag/eforslag,https://www.lycksele.se/kommun/bygga-bo-och-miljo/detaljplanering/aktuella-planarbeten/
Lysekil,https://www.lysekil.se,https://www.lansstyrelsen.se/vastra-gotaland/besoksmal.html,https://www.lysekil.se/turistinformation,https://www.lysekil.se/e-tjanster,https://www.lysekil.se/forslag,https://www.lysekil.se/byggplan
Malmö,https://www.malmo.se,https://www.lansstyrelsen.se/skane/besoksmal.html,https://www.malmo.se/turistinformation,https://www.malmo.se/e-tjanster,https://www.malmo.se/forslag,https://www.malmo.se/byggplan
Malung-Sälen,https://www.malung.se,https://www.lansstyrelsen.se/dalarna/besoksmal.html,https://www.malung.se/turistinformation,https://www.malung.se/e-tjanster,https://www.malung.se/forslag,https://www.malung.se/byggplan
Malå,https://www.mala.se,https://www.lansstyrelsen.se/vasterbotten/besoksmal.html,https://www.mala.se/turistinformation,https://www.mala.se/e-tjanster,https://www.mala.se/forslag,https://www.mala.se/byggplan
Mariestad,https://www.mariestad.se,https://www.lansstyrelsen.se/vastra-gotaland/besoksmal.html,https://www.mariestad.se/turistinformation,https://www.mariestad.se/e-tjanster,https://www.mariestad.se/forslag,https://www.mariestad.se/byggplan
Mark,https://www.mark.se,https://www.lansstyrelsen.se/vastra-gotaland/besoksmal.html,https://www.mark.se/turistinformation,https://www.mark.se/e-tjanster,https://www.mark.se/forslag,https://www.mark.se/byggplan
Markaryd,https://www.markaryd.se,https://www.lansstyrelsen.se/blekinge/besoksmal.html,https://www.markaryd.se/turistinformation,https://www.markaryd.se/e-tjanster,https://www.markaryd.se/forslag,https://www.markaryd.se/byggplan
Mellerud,https://www.mellerud.se,https://www.lansstyrelsen.se/vastra-gotaland/besoksmal.html,https://www.mellerud.se/turistinformation,https://www.mellerud.se/e-tjanster,https://www.mellerud.se/forslag,https://www.mellerud.se/byggplan
Mjölby,https://www.mjolby.se,https://www.lansstyrelsen.se/ostergotland/besoksmal.html,https://www.mjolby.se/turistinformation,https://www.mjolby.se/e-tjanster,https://www.mjolby.se/forslag,https://www.mjolby.se/byggplan
Mora,https://www.mora.se,https://www.lansstyrelsen.se/dalarna/besoksmal.html,https://www.mora.se/turistinformation,https://www.mora.se/e-tjanster,https://www.mora.se/forslag,https://www.mora.se/byggplan
Motala,https://www.motala.se,https://www.lansstyrelsen.se/ostergotland/besoksmal.html,https://www.motala.se/turistinformation,https://www.motala.se/e-tjanster,https://www.motala.se/forslag,https://www.motala.se/byggplan
Mullsjö,https://www.mullsjo.se,https://www.lansstyrelsen.se/vastra-gotaland/besoksmal.html,https://www.mullsjo.se/turistinformation,https://www.mullsjo.se/e-tjanster,https://www.mullsjo.se/forslag,https://www.mullsjo.se/byggplan
Munkedal,https://www.munkedal.se,https://www.lansstyrelsen.se/vastra-gotaland/besoksmal.html,https://www.munkedal.se/turistinformation,https://www.munkedal.se/e-tjanster,https://www.munkedal.se/forslag,https://www.munkedal.se/byggplan
Munkfors,https://www.munkfors.se,https://www.lansstyrelsen.se/varmland/besoksmal.html,https://www.munkfors.se/turistinformation,https://www.munkfors.se/e-tjanster,https://www.munkfors.se/forslag,https://www.munkfors.se/byggplan
Mölndal,https://www.molndal.se,https://www.lansstyrelsen.se/vastra-gotaland/besoksmal.html,https://www.molndal.se/turistinformation,https://www.molndal.se/e-tjanster,https://www.molndal.se/forslag,https://www.molndal.se/byggplan
Mönsterås,https://www.mosteras.se,https://www.lansstyrelsen.se/kalmar/besoksmal.html,https://www.mosteras.se/turistinformation,https://www.mosteras.se/e-tjanster,https://www.mosteras.se/forslag,https://www.mosteras.se/byggplan
Mörbylånga,https://www.morbylanga.se,https://www.lansstyrelsen.se/kalmar/besoksmal.html,https://www.morbylanga.se/turistinformation,https://www.morbylanga.se/e-tjanster,https://www.morbylanga.se/forslag,https://www.morbylanga.se/byggplan
Nacka,https://www.nacka.se,https://www.lansstyrelsen.se/stockholm/besoksmal.html,https://www.nacka.se/turistinformation,https://www.nacka.se/e-tjanster,https://www.nacka.se/forslag,https://www.nacka.se/byggplan
Nora,https://www.nora.se,https://www.lansstyrelsen.se/orebro/besoksmal.html,https://www.nora.se/turistinformation,https://www.nora.se/e-tjanster,https://www.nora.se/forslag,https://www.nora.se/byggplan
Norberg,https://www.norberg.se,https://www.lansstyrelsen.se/vastmanland/besoksmal.html,https://www.norberg.se/turistinformation,https://www.norberg.se/e-tjanster,https://www.norberg.se/forslag,https://www.norberg.se/byggplan
Nordanstig,https://www.nordanstig.se,https://www.lansstyrelsen.se/gavleborg/besoksmal.html,https://www.nordanstig.se/turistinformation,https://www.nordanstig.se/e-tjanster,https://www.nordanstig.se/forslag,https://www.nordanstig.se/byggplan
Nordmaling,https://www.nordmaling.se,https://www.lansstyrelsen.se/vasterbotten/besoksmal.html,https://www.nordmaling.se/turistinformation,https://www.nordmaling.se/e-tjanster,https://www.nordmaling.se/forslag,https://www.nordmaling.se/byggplan
Norrköping,https://www.norrkoping.se,https://www.lansstyrelsen.se/ostergotland/besoksmal.html,https://www.norrkoping.se/turistinformation,https://www.norrkoping.se/e-tjanster,https://www.norrkoping.se/forslag,https://www.norrkoping.se/byggplan
Norrtälje,https://www.norrtalje.se,https://www.lansstyrelsen.se/stockholm/besoksmal.html,https://www.norrtalje.se/turistinformation,https://www.norrtalje.se/e-tjanster,https://www.norrtalje.se/forslag,https://www.norrtalje.se/byggplan
Norsjö,https://www.norsjo.se,https://www.lansstyrelsen.se/vasterbotten/besoksmal.html,https://www.norsjo.se/turistinformation,https://www.norsjo.se/e-tjanster,https://www.norsjo.se/forslag,https://www.norsjo.se/byggplan
Nybro,https://www.nybro.se,https://www.lansstyrelsen.se/kalmar/besoksmal.html,https://www.nybro.se/turistinformation,https://www.nybro.se/e-tjanster,https://www.nybro.se/forslag,https://www.nybro.se/byggplan
Nykvarn,https://www.nykvarn.se,https://www.lansstyrelsen.se/stockholm/besoksmal.html,https://www.nykvarn.se/turistinformation,https://www.nykvarn.se/e-tjanster,https://www.nykvarn.se/forslag,https://www.nykvarn.se/byggplan
Nyköping,https://www.nykoping.se,https://www.lansstyrelsen.se/sodermanland/besoksmal.html,https://www.nykoping.se/turistinformation,https://www.nykoping.se/e-tjanster,https://www.nykoping.se/forslag,https://www.nykoping.se/byggplan
Nynäshamn,https://www.nynashamn.se,https://www.lansstyrelsen.se/stockholm/besoksmal.html,https://www.nynashamn.se/turistinformation,https://www.nynashamn.se/e-tjanster,https://www.nynashamn.se/forslag,https://www.nynashamn.se/byggplan
Nässjö,https://www.nassjo.se,https://www.lansstyrelsen.se/jonkoping/besoksmal.html,https://www.nassjo.se/turistinformation,https://www.nassjo.se/e-tjanster,https://www.nassjo.se/forslag,https://www.nassjo.se/byggplan
Ockelbo,https://www.ockelbo.se,https://www.lansstyrelsen.se/gavleborg/besoksmal.html,https://www.ockelbo.se/turistinformation,https://www.ockelbo.se/e-tjanster,https://www.ockelbo.se/forslag,https://www.ockelbo.se/byggplan
Olofström,https://www.olofstrom.se,https://www.lansstyrelsen.se/blekinge/besoksmal.html,https://www.olofstrom.se/turistinformation,https://www.olofstrom.se/e-tjanster,https://www.olofstrom.se/forslag,https://www.olofstrom.se/byggplan
Orsa,https://www.orsa.se,https://www.lansstyrelsen.se/dalarna/besoksmal.html,https://www.orsa.se/turistinformation,https://www.orsa.se/e-tjanster,https://www.orsa.se/forslag,https://www.orsa.se/byggplan
Orust,https://www.orust.se,https://www.lansstyrelsen.se/vastra-gotaland/besoksmal.html,https://www.orust.se/turistinformation,https://www.orust.se/e-tjanster,https://www.orust.se/forslag,https://www.orust.se/byggplan
Osby,https://www.osby.se,https://www.lansstyrelsen.se/skane/besoksmal.html,https://www.osby.se/turistinformation,https://www.osby.se/e-tjanster,https://www.osby.se/forslag,https://www.osby.se/byggplan
Oskarshamn,https://www.oskarshamn.se,https://www.lansstyrelsen.se/kalmar/besoksmal.html,https://www.oskarshamn.se/turistinformation,https://www.oskarshamn.se/e-tjanster,https://www.oskarshamn.se/forslag,https://www.oskarshamn.se/byggplan
Ovanåker,https://www.ovanasaker.se,https://www.lansstyrelsen.se/gavleborg/besoksmal.html,https://www.ovanasaker.se/turistinformation,https://www.ovanasaker.se/e-tjanster,https://www.ovanasaker.se/forslag,https://www.ovanasaker.se/byggplan
Oxelösund,https://www.oxelosund.se,https://www.lansstyrelsen.se/sodermanland/besoksmal.html,https://www.oxelosund.se/turistinformation,https://www.oxelosund.se/e-tjanster,https://www.oxelosund.se/forslag,https://www.oxelosund.se/byggplan
Pajala,https://www.pajala.se,https://www.lansstyrelsen.se/norrbotten/besoksmal.html,https://www.pajala.se/turistinformation,https://www.pajala.se/e-tjanster,https://www.pajala.se/forslag,https://www.pajala.se/byggplan
Partille,https://www.partille.se,https://www.lansstyrelsen.se/vastra-gotaland/besoksmal.html,https://www.partille.se/turistinformation,https://www.partille.se/e-tjanster,https://www.partille.se/forslag,https://www.partille.se/byggplan
Perstorp,https://www.perstorp.se,https://www.lansstyrelsen.se/skane/besoksmal.html,https://www.perstorp.se/turistinformation,https://www.perstorp.se/e-tjanster,https://www.perstorp.se/forslag,https://www.perstorp.se/byggplan
Piteå,https://www.pitea.se,https://www.lansstyrelsen.se/norrbotten/besoksmal.html,https://www.pitea.se/turistinformation,https://www.pitea.se/e-tjanster,https://www.pitea.se/forslag,https://www.pitea.se/byggplan
Ragunda,https://www.ragunda.se,https://www.lansstyrelsen.se/jamtland/besoksmal.html,https://www.ragunda.se/turistinformation,https://www.ragunda.se/e-tjanster,https://www.ragunda.se/forslag,https://www.ragunda.se/byggplan
Robertsfors,https://www.robertsfors.se,https://www.lansstyrelsen.se/vasterbotten/besoksmal.html,https://www.robertsfors.se/turistinformation,https://www.robertsfors.se/e-tjanster,https://www.robertsfors.se/forslag,https://www.robertsfors.se/byggplan
Ronneby,https://www.ronneby.se,https://www.lansstyrelsen.se/blekinge/besoksmal.html,https://www.ronneby.se/turistinformation,https://www.ronneby.se/e-tjanster,https://www.ronneby.se/forslag,https://www.ronneby.se/byggplan
Rättvik,https://www.rattvik.se,https://www.lansstyrelsen.se/dalarna/besoksmal.html,https://www.rattvik.se/turistinformation,https://www.rattvik.se/e-tjanster,https://www.rattvik.se/forslag,https://www.rattvik.se/byggplan
Sala,https://www.sala.se,https://www.lansstyrelsen.se/vastragotaland/besoksmal.html,https://www.sala.se/turistinformation,https://www.sala.se/e-tjanster,https://www.sala.se/forslag,https://www.sala.se/byggplan
Salem,https://www.salem.se,https://www.lansstyrelsen.se/stockholm/besoksmal.html,https://www.salem.se/turistinformation,https://www.salem.se/e-tjanster,https://www.salem.se/forslag,https://www.salem.se/byggplan
Sandviken,https://www.sandviken.se,https://www.lansstyrelsen.se/gavleborg/besoksmal.html,https://www.sandviken.se/turistinformation,https://www.sandviken.se/e-tjanster,https://www.sandviken.se/forslag,https://www.sandviken.se/byggplan
Sigtuna,https://www.sigtuna.se,https://www.lansstyrelsen.se/stockholm/besoksmal.html,https://www.sigtuna.se/turistinformation,https://www.sigtuna.se/e-tjanster,https://www.sigtuna.se/forslag,https://www.sigtuna.se/byggplan
Simrishamn,https://www.simrishamn.se,https://www.lansstyrelsen.se/skane/besoksmal.html,https://www.simrishamn.se/turistinformation,https://www.simrishamn.se/e-tjanster,https://www.simrishamn.se/forslag,https://www.simrishamn.se/byggplan
Sjöbo,https://www.sjobocommun.se,https://www.lansstyrelsen.se/skane/besoksmal.html,https://www.sjobocommun.se/turistinformation,https://www.sjobocommun.se/e-tjanster,https://www.sjobocommun.se/forslag,https://www.sjobocommun.se/byggplan
Skara,https://www.skara.se,https://www.lansstyrelsen.se/vastra-gotaland/besoksmal.html,https://www.skara.se/turistinformation,https://www.skara.se/e-tjanster,https://www.skara.se/forslag,https://www.skara.se/byggplan
Skellefteå,https://www.skelleftea.se,https://www.lansstyrelsen.se/vasterbotten/besoksmal.html,https://www.skelleftea.se/turistinformation,https://www.skelleftea.se/e-tjanster,https://www.skelleftea.se/forslag,https://www.skelleftea.se/byggplan
Skinnskatteberg,https://www.skinnskatteberg.se,https://www.lansstyrelsen.se/dalarna/besoksmal.html,https://www.skinnskatteberg.se/turistinformation,https://www.skinnskatteberg.se/e-tjanster,https://www.skinnskatteberg.se/forslag,https://www.skinnskatteberg.se/byggplan
Skurup,https://www.skurup.se,https://www.lansstyrelsen.se/skane/besoksmal.html,https://www.skurup.se/turistinformation,https://www.skurup.se/e-tjanster,https://www.skurup.se/forslag,https://www.skurup.se/byggplan
Skövde,https://www.skovde.se,https://www.lansstyrelsen.se/vastra-gotaland/besoksmal.html,https://www.skovde.se/turistinformation,https://www.skovde.se/e-tjanster,https://www.skovde.se/forslag,https://www.skovde.se/byggplan
Smedjebacken,https://www.smedjebacken.se,https://www.lansstyrelsen.se/dalarna/besoksmal.html,https://www.smedjebacken.se/turistinformation,https://www.smedjebacken.se/e-tjanster,https://www.smedjebacken.se/forslag,https://www.smedjebacken.se/byggplan
Sollefteå,https://www.solleftea.se,https://www.lansstyrelsen.se/vasternorrland/besoksmal.html,https://www.solleftea.se/turistinformation,https://www.solleftea.se/e-tjanster,https://www.solleftea.se/forslag,https://www.solleftea.se/byggplan
Sollentuna,https://www.sollentuna.se,https://www.lansstyrelsen.se/stockholm/besoksmal.html,https://www.sollentuna.se/turistinformation,https://www.sollentuna.se/e-tjanster,https://www.sollentuna.se/forslag,https://www.sollentuna.se/byggplan
Solna,https://www.solna.se,https://www.lansstyrelsen.se/stockholm/besoksmal.html,https://www.solna.se/turistinformation,https://www.solna.se/e-tjanster,https://www.solna.se/forslag,https://www.solna.se/byggplan
Sorsele,https://www.sorsele.se,https://www.lansstyrelsen.se/vasterbotten/besoksmal.html,https://www.sorsele.se/turistinformation,https://www.sorsele.se/e-tjanster,https://www.sorsele.se/forslag,https://www.sorsele.se/byggplan
Sotenäs,https://www.sotenas.se,https://www.lansstyrelsen.se/vastra-gotaland/besoksmal.html,https://www.sotenas.se/turistinformation,https://www.sotenas.se/e-tjanster,https://www.sotenas.se/forslag,https://www.sotenas.se/byggplan
Staffanstorp,https://www.staffanstorp.se,https://www.lansstyrelsen.se/skane/besoksmal.html,https://www.staffanstorp.se/turistinformation,https://www.staffanstorp.se/e-tjanster,https://www.staffanstorp.se/forslag,https://www.staffanstorp.se/byggplan
Stenungsund,https://www.stenungsund.se,https://www.lansstyrelsen.se/vastra-gotaland/besoksmal.html,https://www.stenungsund.se/turistinformation,https://www.stenungsund.se/e-tjanster,https://www.stenungsund.se/forslag,https://www.stenungsund.se/byggplan
Stockholm,https://www.stockholm.se,https://www.lansstyrelsen.se/stockholm/besoksmal.html,https://www.stockholm.se/turistinformation,https://www.stockholm.se/e-tjanster,https://www.stockholm.se/forslag,https://www.stockholm.se/byggplan
Storfors,https://www.storfors.se,https://www.lansstyrelsen.se/varmland/besoksmal.html,https://www.storfors.se/turistinformation,https://www.storfors.se/e-tjanster,https://www.storfors.se/forslag,https://www.storfors.se/byggplan
Storuman,https://www.storuman.se,https://www.lansstyrelsen.se/vasterbotten/besoksmal.html,https://www.storuman.se/turistinformation,https://www.storuman.se/e-tjanster,https://www.storuman.se/forslag,https://www.storuman.se/byggplan
Strängnäs,https://www.strangnas.se,https://www.lansstyrelsen.se/sodermanland/besoksmal.html,https://www.strangnas.se/turistinformation,https://www.strangnas.se/e-tjanster,https://www.strangnas.se/forslag,https://www.strangnas.se/byggplan
Strömstad,https://www.stromstad.se,https://www.lansstyrelsen.se/vastra-gotaland/besoksmal.html,https://www.stromstad.se/turistinformation,https://www.stromstad.se/e-tjanster,https://www.stromstad.se/forslag,https://www.stromstad.se/byggplan
Strömsund,https://www.stromsund.se,https://www.lansstyrelsen.se/jamtland/besoksmal.html,https://www.stromsund.se/turistinformation,https://www.stromsund.se/e-tjanster,https://www.stromsund.se/forslag,https://www.stromsund.se/byggplan
Sundbyberg,https://www.sundbyberg.se,https://www.lansstyrelsen.se/stockholm/besoksmal.html,https://www.sundbyberg.se/turistinformation,https://www.sundbyberg.se/e-tjanster,https://www.sundbyberg.se/forslag,https://www.sundbyberg.se/byggplan
Sundsvall,https://www.sundsvall.se,https://www.lansstyrelsen.se/vasternorrland/besoksmal.html,https://www.sundsvall.se/turistinformation,https://www.sundsvall.se/e-tjanster,https://www.sundsvall.se/forslag,https://www.sundsvall.se/byggplan
Sunne,https://www.sunne.se,https://www.lansstyrelsen.se/varmland/besoksmal.html,https://www.sunne.se/turistinformation,https://www.sunne.se/e-tjanster,https://www.sunne.se/forslag,https://www.sunne.se/byggplan
Surahammar,https://www.surahammar.se,https://www.lansstyrelsen.se/vastmanland/besoksmal.html,https://www.surahammar.se/turistinformation,https://www.surahammar.se/e-tjanster,https://www.surahammar.se/forslag,https://www.surahammar.se/byggplan
Svalöv,https://www.svalov.se,https://www.lansstyrelsen.se/skane/besoksmal.html,https://www.svalov.se/turistinformation,https://www.svalov.se/e-tjanster,https://www.svalov.se/forslag,https://www.svalov.se/byggplan
Svedala,https://www.svedala.se,https://www.lansstyrelsen.se/skane/besoksmal.html,https://www.svedala.se/turistinformation,https://www.svedala.se/e-tjanster,https://www.svedala.se/forslag,https://www.svedala.se/byggplan
Svenljunga,https://www.svenljunga.se,https://www.lansstyrelsen.se/vastra-gotaland/besoksmal.html,https://www.svenljunga.se/turistinformation,https://www.svenljunga.se/e-tjanster,https://www.svenljunga.se/forslag,https://www.svenljunga.se/byggplan
Säffle,https://www.saffle.se,https://www.lansstyrelsen.se/varmland/besoksmal.html,https://www.saffle.se/turistinformation,https://www.saffle.se/e-tjanster,https://www.saffle.se/forslag,https://www.saffle.se/byggplan
Säter,https://www.sater.se,https://www.lansstyrelsen.se/dalarna/besoksmal.html,https://www.sater.se/turistinformation,https://www.sater.se/e-tjanster,https://www.sater.se/forslag,https://www.sater.se/byggplan
Sävsjö,https://www.savsjo.se,https://www.lansstyrelsen.se/jonkoping/besoksmal.html,https://www.savsjo.se/turistinformation,https://www.savsjo.se/e-tjanster,https://www.savsjo.se/forslag,https://www.savsjo.se/byggplan
Söderhamn,https://www.soderhamn.se,https://www.lansstyrelsen.se/gavleborg/besoksmal.html,https://www.soderhamn.se/turistinformation,https://www.soderhamn.se/e-tjanster,https://www.soderhamn.se/forslag,https://www.soderhamn.se/byggplan
Söderköping,https://www.soderkoping.se,https://www.lansstyrelsen.se/ostergotland/besoksmal.html,https://www.soderkoping.se/turistinformation,https://www.soderkoping.se/e-tjanster,https://www.soderkoping.se/forslag,https://www.soderkoping.se/byggplan
Södertälje,https://www.sodertalje.se,https://www.lansstyrelsen.se/stockholm/besoksmal.html,https://www.sodertalje.se/turistinformation,https://www.sodertalje.se/e-tjanster,https://www.sodertalje.se/forslag,https://www.sodertalje.se/byggplan
Sölvesborg,https://www.solvesborg.se,https://www.lansstyrelsen.se/skane/besoksmal.html,https://www.solvesborg.se/turistinformation,https://www.solvesborg.se/e-tjanster,https://www.solvesborg.se/forslag,https://www.solvesborg.se/byggplan
Tanum,https://www.tanum.se,https://www.lansstyrelsen.se/vastra-gotaland/besoksmal.html,https://www.tanum.se/turistinformation,https://www.tanum.se/e-tjanster,https://www.tanum.se/forslag,https://www.tanum.se/byggplan
Tibro,https://www.tibro.se,https://www.lansstyrelsen.se/vastra-gotaland/besoksmal.html,https://www.tibro.se/turistinformation,https://www.tibro.se/e-tjanster,https://www.tibro.se/forslag,https://www.tibro.se/byggplan
Tidaholm,https://www.tidaholm.se,https://www.lansstyrelsen.se/vastra-gotaland/besoksmal.html,https://www.tidaholm.se/turistinformation,https://www.tidaholm.se/e-tjanster,https://www.tidaholm.se/forslag,https://www.tidaholm.se/byggplan
Tierp,https://www.tierp.se,https://www.lansstyrelsen.se/uppsala/besoksmal.html,https://www.tierp.se/turistinformation,https://www.tierp.se/e-tjanster,https://www.tierp.se/forslag,https://www.tierp.se/byggplan
Timrå,https://www.timra.se,https://www.lansstyrelsen.se/vasternorrland/besoksmal.html,https://www.timra.se/turistinformation,https://www.timra.se/e-tjanster,https://www.timra.se/forslag,https://www.timra.se/byggplan
Tingsryd,https://www.tingsryd.se,https://www.lansstyrelsen.se/kronoberg/besoksmal.html,https://www.tingsryd.se/turistinformation,https://www.tingsryd.se/e-tjanster,https://www.tingsryd.se/forslag,https://www.tingsryd.se/byggplan
Tjörn,https://www.tjorn.se,https://www.lansstyrelsen.se/vastra-gotaland/besoksmal.html,https://www.tjorn.se/turistinformation,https://www.tjorn.se/e-tjanster,https://www.tjorn.se/forslag,https://www.tjorn.se/byggplan
Tomelilla,https://www.tomelilla.se,https://www.lansstyrelsen.se/skane/besoksmal.html,https://www.tomelilla.se/turistinformation,https://www.tomelilla.se/e-tjanster,https://www.tomelilla.se/forslag,https://www.tomelilla.se/byggplan
Torsby,https://www.torsby.se,https://www.lansstyrelsen.se/varmland/besoksmal.html,https://www.torsby.se/turistinformation,https://www.torsby.se/e-tjanster,https://www.torsby.se/forslag,https://www.torsby.se/byggplan
Torsås,https://www.torsas.se,https://www.lansstyrelsen.se/kalmar/besoksmal.html,https://www.torsas.se/turistinformation,https://www.torsas.se/e-tjanster,https://www.torsas.se/forslag,https://www.torsas.se/byggplan
Tranemo,https://www.tranemo.se,https://www.lansstyrelsen.se/vastra-gotaland/besoksmal.html,https://www.tranemo.se/turistinformation,https://www.tranemo.se/e-tjanster,https://www.tranemo.se/forslag,https://www.tranemo.se/byggplan
Tranås,https://www.tranas.se,https://www.lansstyrelsen.se/jonkoping/besoksmal.html,https://www.tranas.se/turistinformation,https://www.tranas.se/e-tjanster,https://www.tranas.se/forslag,https://www.tranas.se/byggplan
Trelleborg,https://www.trelleborg.se,https://www.lansstyrelsen.se/skane/besoksmal.html,https://www.trelleborg.se/turistinformation,https://www.trelleborg.se/e-tjanster,https://www.trelleborg.se/forslag,https://www.trelleborg.se/byggplan
Trollhättan,https://www.trollhattan.se,https://www.lansstyrelsen.se/vastra-gotaland/besoksmal.html,https://www.trollhattan.se/turistinformation,https://www.trollhattan.se/e-tjanster,https://www.trollhattan.se/forslag,https://www.trollhattan.se/byggplan
Trosa,https://www.trosa.se,https://www.lansstyrelsen.se/sodermanland/besoksmal.html,https://www.trosa.se/turistinformation,https://www.trosa.se/e-tjanster,https://www.trosa.se/forslag,https://www.trosa.se/byggplan
Tyresö,https://www.tyreso.se,https://www.lansstyrelsen.se/stockholm/besoksmal.html,https://www.tyreso.se/turistinformation,https://www.tyreso.se/e-tjanster,https://www.tyreso.se/forslag,https://www.tyreso.se/byggplan
Täby,https://www.taby.se,https://www.lansstyrelsen.se/stockholm/besoksmal.html,https://www.taby.se/turistinformation,https://www.taby.se/e-tjanster,https://www.taby.se/forslag,https://www.taby.se/byggplan
Töreboda,https://www.toreboda.se,https://www.lansstyrelsen.se/vastra-gotaland/besoksmal.html,https://www.toreboda.se/turistinformation,https://www.toreboda.se/e-tjanster,https://www.toreboda.se/forslag,https://www.toreboda.se/byggplan
Uddevalla,https://www.uddevalla.se,https://www.lansstyrelsen.se/vastra-gotaland/besoksmal.html,https://www.uddevalla.se/turistinformation,https://www.uddevalla.se/e-tjanster,https://www.uddevalla.se/forslag,https://www.uddevalla.se/byggplan
Ulricehamn,https://www.ulricehamn.se,https://www.lansstyrelsen.se/vastra-gotaland/besoksmal.html,https://www.ulricehamn.se/turistinformation,https://www.ulricehamn.se/e-tjanster,https://www.ulricehamn.se/forslag,https://www.ulricehamn.se/byggplan
Umeå,https://www.umea.se,https://www.lansstyrelsen.se/vasterbotten/besoksmal.html,https://www.umea.se/turistinformation,https://www.umea.se/e-tjanster,https://www.umea.se/forslag,https://www.umea.se/byggplan
Upplands-Bro,https://www.upplands-bro.se,https://www.lansstyrelsen.se/stockholm/besoksmal.html,https://www.upplands-bro.se/turistinformation,https://www.upplands-bro.se/e-tjanster,https://www.upplands-bro.se/forslag,https://www.upplands-bro.se/byggplan
Upplands Väsby,https://www.upplandsvasby.se,https://www.lansstyrelsen.se/stockholm/besoksmal.html,https://www.upplandsvasby.se/turistinformation,https://www.upplandsvasby.se/e-tjanster,https://www.upplandsvasby.se/forslag,https://www.upplandsvasby.se/byggplan
Uppsala,https://www.destinationuppsala.se,https://www.lansstyrelsen.se/uppsala/besoksmal.html,https://www.uppsala.se/bygga-och-bo/,https://df.uppsala.se/AddMatter2.aspx?MatterTypeID=17&View=synext,https://www.uppsala.se/forslag,https://bygg.uppsala.se/
Uppvidinge,https://www.uppvidinge.se,https://www.lansstyrelsen.se/kronoberg/besoksmal.html,https://www.uppvidinge.se/turistinformation,https://www.uppvidinge.se/e-tjanster,https://www.uppvidinge.se/forslag,https://www.uppvidinge.se/byggplan
Vadstena,https://www.vadstena.se,https://www.lansstyrelsen.se/ostergotland/besoksmal.html,https://www.vadstena.se/turistinformation,https://www.vadstena.se/e-tjanster,https://www.vadstena.se/forslag,https://www.vadstena.se/byggplan
Vaggeryd,https://www.vaggeryd.se,https://www.lansstyrelsen.se/jonkoping/besoksmal.html,https://www.vaggeryd.se/turistinformation,https://www.vaggeryd.se/e-tjanster,https://www.vaggeryd.se/forslag,https://www.vaggeryd.se/byggplan
Valdemarsvik,https://www.valdemarsvik.se,https://www.lansstyrelsen.se/ostergotland/besoksmal.html,https://www.valdemarsvik.se/turistinformation,https://www.valdemarsvik.se/e-tjanster,https://www.valdemarsvik.se/forslag,https://www.valdemarsvik.se/byggplan
Vallentuna,https://www.vallentuna.se,https://www.lansstyrelsen.se/stockholm/besoksmal.html,https://www.vallentuna.se/turistinformation,https://www.vallentuna.se/e-tjanster,https://www.vallentuna.se/forslag,https://www.vallentuna.se/byggplan
Vansbro,https://www.vansbro.se,https://www.lansstyrelsen.se/dalarna/besoksmal.html,https://www.vansbro.se/turistinformation,https://www.vansbro.se/e-tjanster,https://www.vansbro.se/forslag,https://www.vansbro.se/byggplan
Vara,https://www.vara.se,https://www.lansstyrelsen.se/vastra-gotaland/besoksmal.html,https://www.vara.se/turistinformation,https://www.vara.se/e-tjanster,https://www.vara.se/forslag,https://www.vara.se/byggplan
Varberg,https://www.varberg.se,https://www.lansstyrelsen.se/halland/besoksmal.html,https://www.varberg.se/turistinformation,https://www.varberg.se/e-tjanster,https://www.varberg.se/forslag,https://www.varberg.se/byggplan
Vaxholm,https://www.vaxholm.se,https://www.lansstyrelsen.se/stockholm/besoksmal.html,https://www.vaxholm.se/turistinformation,https://www.vaxholm.se/e-tjanster,https://www.vaxholm.se/forslag,https://www.vaxholm.se/byggplan
Vellinge,https://www.vellinge.se,https://www.lansstyrelsen.se/skane/besoksmal.html,https://www.vellinge.se/turistinformation,https://www.vellinge.se/e-tjanster,https://www.vellinge.se/forslag,https://www.vellinge.se/byggplan
Vetlanda,https://www.vetlanda.se,https://www.lansstyrelsen.se/jonkoping/besoksmal.html,https://www.vetlanda.se/turistinformation,https://www.vetlanda.se/e-tjanster,https://www.vetlanda.se/forslag,https://www.vetlanda.se/byggplan
Vilhelmina,https://www.vilhelmina.se,https://www.lansstyrelsen.se/vasterbotten/besoksmal.html,https://www.vilhelmina.se/turistinformation,https://www.vilhelmina.se/e-tjanster,https://www.vilhelmina.se/forslag,https://www.vilhelmina.se/byggplan
Vimmerby,https://www.vimmerby.se,https://www.lansstyrelsen.se/kalmars/besoksmal.html,https://www.vimmerby.se/turistinformation,https://www.vimmerby.se/e-tjanster,https://www.vimmerby.se/forslag,https://www.vimmerby.se/byggplan
Vindeln,https://www.vindeln.se,https://www.lansstyrelsen.se/vasterbotten/besoksmal.html,https://www.vindeln.se/turistinformation,https://www.vindeln.se/e-tjanster,https://www.vindeln.se/forslag,https://www.vindeln.se/byggplan
Vingåker,https://www.vingaker.se,https://www.lansstyrelsen.se/sodermanland/besoksmal.html,https://www.vingaker.se/turistinformation,https://www.vingaker.se/e-tjanster,https://www.vingaker.se/forslag,https://www.vingaker.se/byggplan
Vårgårda,https://www.vargarda.se,https://www.lansstyrelsen.se/vastra-gotaland/besoksmal.html,https://www.vargarda.se/turistinformation,https://www.vargarda.se/e-tjanster,https://www.vargarda.se/forslag,https://www.vargarda.se/byggplan
Vänersborg,https://www.vanersborg.se,https://www.lansstyrelsen.se/vastra-gotaland/besoksmal.html,https://www.vanersborg.se/turistinformation,https://www.vanersborg.se/e-tjanster,https://www.vanersborg.se/forslag,https://www.vanersborg.se/byggplan
Vännäs,https://www.vannas.se,https://www.lansstyrelsen.se/vasterbotten/besoksmal.html,https://www.vannas.se/turistinformation,https://www.vannas.se/e-tjanster,https://www.vannas.se/forslag,https://www.vannas.se/byggplan
Värmdö,https://www.varmdo.se,https://www.lansstyrelsen.se/stockholm/besoksmal.html,https://www.varmdo.se/turistinformation,https://www.varmdo.se/e-tjanster,https://www.varmdo.se/forslag,https://www.varmdo.se/byggplan
Värnamo,https://www.varnamo.se,https://www.lansstyrelsen.se/jonkoping/besoksmal.html,https://www.varnamo.se/turistinformation,https://www.varnamo.se/e-tjanster,https://www.varnamo.se/forslag,https://www.varnamo.se/byggplan
Västervik,https://www.vastervik.se,https://www.lansstyrelsen.se/kalmar/besoksmal.html,https://www.vastervik.se/turistinformation,https://www.vastervik.se/e-tjanster,https://www.vastervik.se/forslag,https://www.vastervik.se/byggplan
Västerås,https://www.vasteras.se,https://www.lansstyrelsen.se/vastmanland/besoksmal.html,https://www.vasteras.se/turistinformation,https://www.vasteras.se/e-tjanster,https://www.vasteras.se/forslag,https://www.vasteras.se/bygga-bo-och-miljo/kommunens-planarbete.html
Växjö,https://www.vaxjo.se,https://www.lansstyrelsen.se/kronoberg/besoksmal.html,https://www.vaxjo.se/turistinformation,https://www.vaxjo.se/e-tjanster,https://www.vaxjo.se/forslag,https://www.vaxjo.se/byggplan
Ydre,https://www.ydre.se,https://www.lansstyrelsen.se/ostergotland/besoksmal.html,https://www.ydre.se/turistinformation,https://www.ydre.se/e-tjanster,https://www.ydre.se/forslag,https://www.ydre.se/byggplan
Ystad,https://www.ystad.se,https://www.lansstyrelsen.se/skane/besoksmal.html,https://www.ystad.se/turistinformation,https://www.ystad.se/e-tjanster,https://www.ystad.se/forslag,https://www.ystad.se/byggplan
Åmål,https://www.amal.se,https://www.lansstyrelsen.se/vastra-gotaland/besoksmal.html,https://www.amal.se/turistinformation,https://www.amal.se/e-tjanster,https://www.amal.se/forslag,https://www.amal.se/byggplan
Ånge,https://www.ange.se,https://www.lansstyrelsen.se/vasternorrland/besoksmal.html,https://www.ange.se/turistinformation,https://www.ange.se/e-tjanster,https://www.ange.se/forslag,https://www.ange.se/byggplan
Åre,https://www.visitare.se,https://www.lansstyrelsen.se/jamtland/besoksmal.html,https://are.se/turistinformation/bra-att-veta,https://e-tjanster.are.se/oversikt/overview/301,https://e-tjanster.are.se/forslag/eforslaget,https://are.se/byggabo/planerpagang
Årjäng,https://www.arjang.se,https://www.lansstyrelsen.se/varmland/besoksmal.html,https://www.arjang.se/turistinformation,https://www.arjang.se/e-tjanster,https://www.arjang.se/forslag,https://www.arjang.se/byggplan
Åsele,https://www.asele.se,https://www.lansstyrelsen.se/vasterbotten/besoksmal.html,https://www.asele.se/turistinformation,https://www.asele.se/e-tjanster,https://www.asele.se/forslag,https://www.asele.se/byggplan
Åstorp,https://www.astorp.se,https://www.lansstyrelsen.se/skane/besoksmal.html,https://www.astorp.se/turistinformation,https://www.astorp.se/e-tjanster,https://www.astorp.se/forslag,https://www.astorp.se/byggplan
Åtvidaberg,https://www.atvidaberg.se,https://www.lansstyrelsen.se/ostergotland/besoksmal.html,https://www.atvidaberg.se/turistinformation,https://www.atvidaberg.se/e-tjanster,https://www.atvidaberg.se/forslag,https://www.atvidaberg.se/byggplan
Älmhult,https://www.almhult.se,https://www.lansstyrelsen.se/kronoberg/besoksmal.html,https://www.almhult.se/turistinformation,https://www.almhult.se/e-tjanster,https://www.almhult.se/forslag,https://www.almhult.se/byggplan
Älvdalen,https://www.alvdalen.se,https://www.lansstyrelsen.se/dalarna/besoksmal.html,https://www.alvdalen.se/turistinformation,https://www.alvdalen.se/e-tjanster,https://www.alvdalen.se/forslag,https://www.alvdalen.se/byggplan
Älvsbyn,https://www.alvsbyn.se,https://www.lansstyrelsen.se/norrbotten/besoksmal.html,https://www.alvsbyn.se/turistinformation,https://www.alvsbyn.se/e-tjanster,https://www.alvsbyn.se/forslag,https://www.alvsbyn.se/byggplan
Ängelholm,https://www.engelholm.se,https://www.lansstyrelsen.se/skane/besoksmal.html,https://www.engelholm.se/turistinformation,https://www.engelholm.se/e-tjanster,https://www.engelholm.se/forslag,https://www.engelholm.se/byggplan
Öckerö,https://www.ockero.se,https://www.lansstyrelsen.se/vastra-gotaland/besoksmal.html,https://www.ockero.se/turistinformation,https://www.ockero.se/e-tjanster,https://www.ockero.se/forslag,https://www.ockero.se/byggplan
Ödeshög,https://www.odeshog.se,https://www.lansstyrelsen.se/ostergotland/besoksmal.html,https://www.odeshog.se/turistinformation,https://www.odeshog.se/e-tjanster,https://www.odeshog.se/forslag,https://www.odeshog.se/byggplan
Örebro,https://www.orebro.se,https://www.lansstyrelsen.se/orebro/besoksmal.html,https://www.orebro.se/turistinformation,https://www.orebro.se/e-tjanster,https://www.orebro.se/forslag,https://www.orebro.se/byggplan
Örkelljunga,https://www.orkelljunga.se,https://www.lansstyrelsen.se/skane/besoksmal.html,https://www.orkelljunga.se/turistinformation,https://www.orkelljunga.se/e-tjanster,https://www.orkelljunga.se/forslag,https://www.orkelljunga.se/byggplan
Örnsköldsvik,https://www.ornskoldsvik.se,https://www.lansstyrelsen.se/vasternorrland/besoksmal.html,https://www.ornskoldsvik.se/turistinformation,https://www.ornskoldsvik.se/e-tjanster,https://www.ornskoldsvik.se/forslag,https://www.ornskoldsvik.se/byggplan
Östersund,https://www.visitostersund.se,https://www.lansstyrelsen.se/jamtland/besoksmal.html,https://www.ostersund.se/bygga-bo-klimat-och-miljo.html,https://eservice.ostersund.se/oversikt/overview/497,https://eservice.ostersund.se/forslag/rostamedborgarforslag,https://www.ostersund.se/bygga-bo-klimat-och-miljo/oversiktsplaner-och-detaljplaner/detaljplanering/detaljplaner-pa-gang.html
Österåker,https://www.osteraker.se,https://www.lansstyrelsen.se/stockholm/besoksmal.html,https://www.osteraker.se/turistinformation,https://www.osteraker.se/e-tjanster,https://www.osteraker.se/forslag,https://www.osteraker.se/byggplan
Östhammar,https://www.osthammar.se,https://www.lansstyrelsen.se/uppsala/besoksmal.html,https://www.osthammar.se/turistinformation,https://www.osthammar.se/e-tjanster,https://www.osthammar.se/forslag,https://www.osthammar.se/byggplan
Östra Göinge,https://www.ostra-göinge.se,https://www.lansstyrelsen.se/skane/besoksmal.html,https://www.ostra-göinge.se/turistinformation,https://www.ostra-göinge.se/e-tjanster,https://www.ostra-göinge.se/forslag,https://www.ostra-göinge.se/byggplan
Överkalix,https://www.overkalix.se,https://www.lansstyrelsen.se/norrbotten/besoksmal.html,https://www.overkalix.se/turistinformation,https://www.overkalix.se/e-tjanster,https://www.overkalix.se/forslag,https://www.overkalix.se/byggplan
Övertorneå,https://www.overtornea.se,https://www.lansstyrelsen.se/norrbotten/besoksmal.html,https://www.overtornea.se/turistinformation,https://www.overtornea.se/e-tjanster,https://www.overtornea.se/forslag,https://www.overtornea.se/byggplan
